timestamp, speed, lat, long
1555233013001, 9.542246302823303, 32.747367, -117.139968
1555232983001, 13.351743362670446, 32.747367, -117.139968
1555232893001, 12.909757214970382, 32.747367, -117.139968
1555231959001, 10.678552761211854, 32.747367, -117.139968
1555231687001, 11.741445718464057, 32.747367, -117.139968
1555229439001, 8.217153661962968, 32.747367, -117.139968
1555228776001, 8.676432200664173, 32.747367, -117.139968
1555228685001, 5.8491881526968275, 32.747367, -117.139968
1555228655001, 2.674154354545352, 32.747367, -117.139968
1555227720001, 8.54814493702714, 32.747367, -117.139968
1555225701001, 5.998486286324796, 32.747367, -117.139968
1555224374001, 6.3593809072405945, 32.747367, -117.139968
1555224103001, 10.452800549709202, 32.747367, -117.139968
1555223651001, 6.434133284362035, 32.747367, -117.139968
1555223108001, 5.760046449758612, 32.747367, -117.139968
1555232578001, 0.7263631317301102, 32.963269, -117.134101
1555233209001, 8.082866206201738, 32.71165865, -117.1493532
1555233178001, 10.357509328353276, 32.71165865, -117.1493532
1555233118001, 7.46406093832689, 32.71165865, -117.1493532
1555232937001, 8.428061306920718, 32.71165865, -117.1493532
1555232907001, 9.521161119330714, 32.71165865, -117.1493532
1555232756001, 9.581022187044647, 32.71165865, -117.1493532
1555232696001, 8.048859199379816, 32.71165865, -117.1493532
1555232575001, 8.13363111213385, 32.71165865, -117.1493532
1555232545001, 9.96892100033627, 32.71165865, -117.1493532
1555232425001, 8.287676118220471, 32.71165865, -117.1493532
1555232214001, 8.501664473556641, 32.71165865, -117.1493532
1555232183001, 9.388965769738391, 32.71165865, -117.1493532
1555231852001, 9.649466281412574, 32.71165865, -117.1493532
1555231822001, 7.723287447422141, 32.71165865, -117.1493532
1555231792001, 9.021270014435817, 32.71165865, -117.1493532
1555231671001, 9.598480760608373, 32.71165865, -117.1493532
1555231611001, 11.950727155000365, 32.71165865, -117.1493532
1555231550001, 9.24779723189297, 32.71165865, -117.1493532
1555231233001, 8.715785976590515, 32.71165865, -117.1493532
1555231172001, 8.232628051182362, 32.71165865, -117.1493532
1555231142001, 8.424185557364455, 32.71165865, -117.1493532
1555231082001, 6.504428628786723, 32.71165865, -117.1493532
1555230991001, 8.19178402681833, 32.71165865, -117.1493532
1555230961001, 5.923679055966895, 32.71165865, -117.1493532
1555230931001, 10.743197971177807, 32.71165865, -117.1493532
1555230901001, 10.415306322246877, 32.71165865, -117.1493532
1555230841001, 9.279872757321801, 32.71165865, -117.1493532
1555230780001, 10.373302186702395, 32.71165865, -117.1493532
1555230750001, 8.530940604846311, 32.71165865, -117.1493532
1555230690001, 5.587490970934261, 32.71165865, -117.1493532
1555230660001, 7.895342897907635, 32.71165865, -117.1493532
1555230599001, 8.081849327473478, 32.71165865, -117.1493532
1555230569001, 10.257882376362554, 32.71165865, -117.1493532
1555230509001, 6.375326314158715, 32.71165865, -117.1493532
1555230479001, 6.118845093354915, 32.71165865, -117.1493532
1555230358001, 6.369636524157393, 32.71165865, -117.1493532
1555230298001, 7.668239735707955, 32.71165865, -117.1493532
1555230147001, 10.226718711938418, 32.71165865, -117.1493532
1555230117001, 7.44147050439827, 32.71165865, -117.1493532
1555230027001, 8.164149268198013, 32.71165865, -117.1493532
1555229876001, 7.746394652601299, 32.71165865, -117.1493532
1555229846001, 9.706347815603035, 32.71165865, -117.1493532
1555229786001, 6.543876475070474, 32.71165865, -117.1493532
1555229635001, 6.744642150354965, 32.71165865, -117.1493532
1555229514001, 5.4875598646687465, 32.71165865, -117.1493532
1555229303001, 10.61924425440512, 32.71165865, -117.1493532
1555229273001, 8.369077932260154, 32.71165865, -117.1493532
1555229183001, 7.819444149099059, 32.71165865, -117.1493532
1555229153001, 7.756674512410408, 32.71165865, -117.1493532
1555229062001, 6.236329206404486, 32.71165865, -117.1493532
1555229032001, 8.952286901200882, 32.71165865, -117.1493532
1555228972001, 5.846434052502445, 32.71165865, -117.1493532
1555228912001, 6.199717197646712, 32.71165865, -117.1493532
1555228821001, 10.780716415772874, 32.71165865, -117.1493532
1555228761001, 7.399947760695051, 32.71165865, -117.1493532
1555228701001, 5.457281794828607, 32.71165865, -117.1493532
1555228671001, 10.871175908892061, 32.71165865, -117.1493532
1555228550001, 6.299270820450393, 32.71165865, -117.1493532
1555228520001, 10.039069569922646, 32.71165865, -117.1493532
1555228309001, 7.646130252885395, 32.71165865, -117.1493532
1555228219001, 8.660280057945972, 32.71165865, -117.1493532
1555228128001, 9.61223312813361, 32.71165865, -117.1493532
1555228038001, 9.352363075241486, 32.71165865, -117.1493532
1555228007001, 7.200438116079436, 32.71165865, -117.1493532
1555227917001, 9.129316736378197, 32.71165865, -117.1493532
1555227887001, 15.277329348453065, 32.71165865, -117.1493532
1555227857001, 8.09957178319525, 32.71165865, -117.1493532
1555227797001, 10.231191357198474, 32.71165865, -117.1493532
1555227646001, 13.00930556781585, 32.71165865, -117.1493532
1555227555001, 9.29755543522123, 32.71165865, -117.1493532
1555227435001, 12.246196618302065, 32.71165865, -117.1493532
1555227405001, 10.165155623428936, 32.71165865, -117.1493532
1555227375001, 5.784003079166881, 32.71165865, -117.1493532
1555227315001, 6.398869730628328, 32.71165865, -117.1493532
1555227284001, 11.424629995105544, 32.71165865, -117.1493532
1555227194001, 5.120270844236963, 32.71165865, -117.1493532
1555227164001, 8.439625553684452, 32.71165865, -117.1493532
1555227073001, 9.750128083530425, 32.71165865, -117.1493532
1555227013001, 10.749190971900045, 32.71165865, -117.1493532
1555226983001, 5.681030941075277, 32.71165865, -117.1493532
1555226953001, 6.440664426896613, 32.71165865, -117.1493532
1555226893001, 8.622953526630935, 32.71165865, -117.1493532
1555226863001, 9.783736097531584, 32.71165865, -117.1493532
1555226802001, 8.111795719092514, 32.71165865, -117.1493532
1555226742001, 7.1058275999639555, 32.71165865, -117.1493532
1555226712001, 11.703860885102676, 32.71165865, -117.1493532
1555226652001, 9.542231186060283, 32.71165865, -117.1493532
1555226561001, 9.25864575180519, 32.71165865, -117.1493532
1555226531001, 7.181004135235421, 32.71165865, -117.1493532
1555226471001, 9.460939277759557, 32.71165865, -117.1493532
1555226350001, 7.8835492254580695, 32.71165865, -117.1493532
1555226290001, 9.430637375598785, 32.71165865, -117.1493532
1555226230001, 11.690296764086948, 32.71165865, -117.1493532
1555226170001, 9.411889659457424, 32.71165865, -117.1493532
1555226140001, 8.679223789408478, 32.71165865, -117.1493532
1555225959001, 7.3815673019912875, 32.71165865, -117.1493532
1555225928001, 7.358949697574799, 32.71165865, -117.1493532
1555225868001, 9.107665410690451, 32.71165865, -117.1493532
1555225808001, 8.96015044142742, 32.71165865, -117.1493532
1555225717001, 9.959462018288589, 32.71165865, -117.1493532
1555225657001, 10.069650428480648, 32.71165865, -117.1493532
1555225627001, 6.20542790358213, 32.71165865, -117.1493532
1555225597001, 6.862083025169296, 32.71165865, -117.1493532
1555225536001, 8.652815810116783, 32.71165865, -117.1493532
1555225476001, 10.031546989691105, 32.71165865, -117.1493532
1555225446001, 8.144533509139663, 32.71165865, -117.1493532
1555225416001, 4.061732920536586, 32.71165865, -117.1493532
1555225386001, 11.035838888620182, 32.71165865, -117.1493532
1555225295001, 8.98545323078337, 32.71165865, -117.1493532
1555225265001, 7.590680882585401, 32.71165865, -117.1493532
1555225235001, 6.5107573473636515, 32.71165865, -117.1493532
1555225084002, 8.165715079673811, 32.71165865, -117.1493532
1555225084001, 8.727438934838371, 32.71165865, -117.1493532
1555225054001, 7.722680145240865, 32.71165865, -117.1493532
1555225024001, 8.88628926590649, 32.71165865, -117.1493532
1555224964001, 5.64849191754127, 32.71165865, -117.1493532
1555224934001, 9.101087264406946, 32.71165865, -117.1493532
1555224874001, 8.866250599745289, 32.71165865, -117.1493532
1555224813001, 8.270412636162426, 32.71165865, -117.1493532
1555224753001, 7.548973787844306, 32.71165865, -117.1493532
1555224663001, 7.545352774655633, 32.71165865, -117.1493532
1555224603001, 10.012102053838964, 32.71165865, -117.1493532
1555224542001, 7.798128965929545, 32.71165865, -117.1493532
1555224482001, 6.3951222736464945, 32.71165865, -117.1493532
1555224452001, 10.239676138179592, 32.71165865, -117.1493532
1555224392001, 10.157792668297791, 32.71165865, -117.1493532
1555224362001, 6.103089260192781, 32.71165865, -117.1493532
1555224271001, 7.563889447905578, 32.71165865, -117.1493532
1555224241001, 10.649827950822461, 32.71165865, -117.1493532
1555224181001, 6.158620333765777, 32.71165865, -117.1493532
1555224090002, 10.844630914468276, 32.71165865, -117.1493532
1555224090001, 11.34065882191936, 32.71165865, -117.1493532
1555224030001, 7.944647764635846, 32.71165865, -117.1493532
1555224000001, 6.302764327671831, 32.71165865, -117.1493532
1555223970001, 9.882075135899965, 32.71165865, -117.1493532
1555223910001, 9.390596053677017, 32.71165865, -117.1493532
1555223879001, 8.576178775544674, 32.71165865, -117.1493532
1555223819001, 8.292840385006254, 32.71165865, -117.1493532
1555223759001, 10.05458881976069, 32.71165865, -117.1493532
1555223728001, 7.7690616517489355, 32.71165865, -117.1493532
1555223548001, 9.550581792879331, 32.71165865, -117.1493532
1555223487001, 9.691815242092078, 32.71165865, -117.1493532
1555223367001, 7.708052188505157, 32.71165865, -117.1493532
1555223337001, 7.963330748062773, 32.71165865, -117.1493532
1555223306001, 9.035611416896645, 32.71165865, -117.1493532
1555223276001, 8.240757656088087, 32.71165865, -117.1493532
1555223216001, 5.472646758685663, 32.71165865, -117.1493532
1555223186001, 8.949193558033862, 32.71165865, -117.1493532
1555223156001, 5.105455667459323, 32.71165865, -117.1493532
1555223126001, 9.56204618225913, 32.71165865, -117.1493532
1555223065001, 9.784450643987157, 32.71165865, -117.1493532
1555223035001, 10.163541206207105, 32.71165865, -117.1493532
1555222975001, 8.19108595768482, 32.71165865, -117.1493532
1555222915001, 8.591169798138004, 32.71165865, -117.1493532
1555222885001, 9.161659328975322, 32.71165865, -117.1493532
1555222855001, 6.268276982126544, 32.71165865, -117.1493532
1555222734001, 7.2077499765180315, 32.71165865, -117.1493532
1555222644001, 6.890146916850315, 32.71165865, -117.1493532
1555222583001, 4.860471113171899, 32.71165865, -117.1493532
1555222523001, 9.674385414344219, 32.71165865, -117.1493532
1555222493001, 8.535471760442789, 32.71165865, -117.1493532
1555233211001, 18.825593361717708, 32.77230347, -117.0970551
1555233181001, 19.169413914876372, 32.77230347, -117.0970551
1555233151001, 21.912922469784558, 32.77230347, -117.0970551
1555233090001, 16.853861611438486, 32.77230347, -117.0970551
1555233060001, 16.57898822059734, 32.77230347, -117.0970551
1555232940001, 16.9502270572339, 32.77230347, -117.0970551
1555232910001, 16.2472516019163, 32.77230347, -117.0970551
1555232880001, 19.622096140361194, 32.77230347, -117.0970551
1555232850001, 18.90505874090637, 32.77230347, -117.0970551
1555232789001, 19.26427658204532, 32.77230347, -117.0970551
1555232759001, 19.210091134384577, 32.77230347, -117.0970551
1555232699001, 18.518810156982692, 32.77230347, -117.0970551
1555232669001, 19.919960608445546, 32.77230347, -117.0970551
1555232608001, 21.462811549942575, 32.77230347, -117.0970551
1555232578001, 18.946308859747287, 32.77230347, -117.0970551
1555232548001, 22.464690754972374, 32.77230347, -117.0970551
1555232518001, 20.022345774934365, 32.77230347, -117.0970551
1555232488001, 19.47702146518074, 32.77230347, -117.0970551
1555232458001, 20.30752533593232, 32.77230347, -117.0970551
1555232398001, 17.17461774740743, 32.77230347, -117.0970551
1555232367001, 20.121548661324972, 32.77230347, -117.0970551
1555232337001, 18.30473971831061, 32.77230347, -117.0970551
1555232307001, 18.62415225179717, 32.77230347, -117.0970551
1555232277001, 21.35371139409518, 32.77230347, -117.0970551
1555232247001, 18.008313986502536, 32.77230347, -117.0970551
1555232126001, 20.29468575254261, 32.77230347, -117.0970551
1555232096001, 19.003120753142035, 32.77230347, -117.0970551
1555232006001, 20.397096463370627, 32.77230347, -117.0970551
1555231976001, 18.22123146872548, 32.77230347, -117.0970551
1555231946001, 20.049096635238442, 32.77230347, -117.0970551
1555231885001, 20.183663632651548, 32.77230347, -117.0970551
1555231855001, 20.313337846282195, 32.77230347, -117.0970551
1555231795001, 14.542497637703388, 32.77230347, -117.0970551
1555231765001, 19.71542519428094, 32.77230347, -117.0970551
1555231704001, 20.353771237931923, 32.77230347, -117.0970551
1555231644001, 18.632865608084458, 32.77230347, -117.0970551
1555231614001, 16.144464131100978, 32.77230347, -117.0970551
1555231554001, 21.23937569219228, 32.77230347, -117.0970551
1555231524001, 18.875527666799204, 32.77230347, -117.0970551
1555231494001, 16.413520356500925, 32.77230347, -117.0970551
1555231463001, 21.35075926523032, 32.77230347, -117.0970551
1555231403001, 20.491390847190832, 32.77230347, -117.0970551
1555231373001, 19.481484944333, 32.77230347, -117.0970551
1555231313001, 20.705620230064138, 32.77230347, -117.0970551
1555231253001, 22.844734457376568, 32.77230347, -117.0970551
1555231223001, 15.372023409569348, 32.77230347, -117.0970551
1555231162001, 16.474404758775048, 32.77230347, -117.0970551
1555231132001, 18.444307863766713, 32.77230347, -117.0970551
1555231072001, 20.801851225070042, 32.77230347, -117.0970551
1555231042001, 20.718485404036358, 32.77230347, -117.0970551
1555230981001, 21.005676291739775, 32.77230347, -117.0970551
1555230951001, 19.787207208810187, 32.77230347, -117.0970551
1555230861001, 18.78589508862948, 32.77230347, -117.0970551
1555230801001, 18.680418981869582, 32.77230347, -117.0970551
1555230543001, 20.621301628733363, 32.77230347, -117.0970551
1555230513001, 20.703963711220858, 32.77230347, -117.0970551
1555230483001, 21.819646304393324, 32.77230347, -117.0970551
1555230393001, 19.729758408361054, 32.77230347, -117.0970551
1555230363001, 20.064045616510874, 32.77230347, -117.0970551
1555230333001, 20.345634321525992, 32.77230347, -117.0970551
1555230242001, 18.05020300278181, 32.77230347, -117.0970551
1555230212001, 17.104684087978306, 32.77230347, -117.0970551
1555230152001, 18.908421767134428, 32.77230347, -117.0970551
1555230001001, 20.012587635993707, 32.77230347, -117.0970551
1555229941001, 20.171196947635313, 32.77230347, -117.0970551
1555229881001, 20.623776345034692, 32.77230347, -117.0970551
1555229851001, 18.678508790846323, 32.77230347, -117.0970551
1555229820001, 21.987831278327388, 32.77230347, -117.0970551
1555229790001, 19.341770800366092, 32.77230347, -117.0970551
1555229760001, 20.881609985559148, 32.77230347, -117.0970551
1555229730001, 19.32993316799449, 32.77230347, -117.0970551
1555229700001, 21.279207906586443, 32.77230347, -117.0970551
1555229580001, 18.662202458541653, 32.77230347, -117.0970551
1555229489001, 20.5955357772683, 32.77230347, -117.0970551
1555229459001, 23.807251797840067, 32.77230347, -117.0970551
1555229429001, 20.39884455836696, 32.77230347, -117.0970551
1555229369001, 17.516045648978448, 32.77230347, -117.0970551
1555229339001, 25.768953333644443, 32.77230347, -117.0970551
1555229309001, 21.26375928565245, 32.77230347, -117.0970551
1555229278001, 19.79715154642996, 32.77230347, -117.0970551
1555229248001, 18.664462802444092, 32.77230347, -117.0970551
1555229188001, 22.061052102226327, 32.77230347, -117.0970551
1555229158001, 20.15954017612512, 32.77230347, -117.0970551
1555229068001, 21.327239587397223, 32.77230347, -117.0970551
1555229037001, 18.266620161609065, 32.77230347, -117.0970551
1555228947001, 22.191966391944767, 32.77230347, -117.0970551
1555228887001, 20.337777565631868, 32.77230347, -117.0970551
1555228857001, 17.70187657611767, 32.77230347, -117.0970551
1555228826001, 22.860445416865748, 32.77230347, -117.0970551
1555228766001, 15.886130831731567, 32.77230347, -117.0970551
1555228736001, 19.59743928624539, 32.77230347, -117.0970551
1555228706001, 17.905834986168152, 32.77230347, -117.0970551
1555228676001, 20.418879506161506, 32.77230347, -117.0970551
1555228616001, 19.533934002212924, 32.77230347, -117.0970551
1555228495001, 19.763694841025956, 32.77230347, -117.0970551
1555228465001, 18.22806152790905, 32.77230347, -117.0970551
1555228435001, 19.46766505578653, 32.77230347, -117.0970551
1555228405001, 19.169380353583705, 32.77230347, -117.0970551
1555228374001, 20.67471778103089, 32.77230347, -117.0970551
1555228344001, 20.13543819448882, 32.77230347, -117.0970551
1555228314001, 22.945417753026458, 32.77230347, -117.0970551
1555228284001, 16.864676820103757, 32.77230347, -117.0970551
1555228254001, 19.28105094911005, 32.77230347, -117.0970551
1555228224001, 19.483911034522585, 32.77230347, -117.0970551
1555228194001, 20.754252274810074, 32.77230347, -117.0970551
1555228164001, 20.96206131536811, 32.77230347, -117.0970551
1555228134001, 21.185839187066136, 32.77230347, -117.0970551
1555228103001, 20.624869622637647, 32.77230347, -117.0970551
1555228073001, 15.381204130981924, 32.77230347, -117.0970551
1555228043001, 17.279351556703723, 32.77230347, -117.0970551
1555228013001, 20.774258548057414, 32.77230347, -117.0970551
1555227953001, 21.277597073363534, 32.77230347, -117.0970551
1555227923001, 20.279857834486354, 32.77230347, -117.0970551
1555227892001, 21.217202914058504, 32.77230347, -117.0970551
1555227862001, 20.489012405918352, 32.77230347, -117.0970551
1555227772001, 17.841345870415633, 32.77230347, -117.0970551
1555227742001, 18.918740212685833, 32.77230347, -117.0970551
1555227682001, 20.669968412551775, 32.77230347, -117.0970551
1555227652001, 19.44176923425503, 32.77230347, -117.0970551
1555227591001, 18.333401618566906, 32.77230347, -117.0970551
1555227561001, 15.626280254390643, 32.77230347, -117.0970551
1555227531001, 18.439321478429644, 32.77230347, -117.0970551
1555227501001, 18.796574947272738, 32.77230347, -117.0970551
1555227471001, 18.56157624500786, 32.77230347, -117.0970551
1555227441001, 21.951921225346332, 32.77230347, -117.0970551
1555227410001, 20.170518094728138, 32.77230347, -117.0970551
1555227380001, 17.79424640520905, 32.77230347, -117.0970551
1555227320001, 21.64028288573278, 32.77230347, -117.0970551
1555227290001, 24.34837963146685, 32.77230347, -117.0970551
1555227260001, 19.883088640882455, 32.77230347, -117.0970551
1555227230001, 20.324927142275925, 32.77230347, -117.0970551
1555227199001, 22.232970241116416, 32.77230347, -117.0970551
1555227169001, 20.785308238233245, 32.77230347, -117.0970551
1555227139001, 19.890862705160007, 32.77230347, -117.0970551
1555227109001, 20.86032382456635, 32.77230347, -117.0970551
1555227079001, 18.27831520375533, 32.77230347, -117.0970551
1555227049001, 20.5405444098919, 32.77230347, -117.0970551
1555227019001, 19.00814786422855, 32.77230347, -117.0970551
1555226988001, 19.501012449157244, 32.77230347, -117.0970551
1555226958001, 20.69656096965462, 32.77230347, -117.0970551
1555226928001, 18.39786619978409, 32.77230347, -117.0970551
1555226898001, 21.450525828395577, 32.77230347, -117.0970551
1555226868001, 18.550670703774507, 32.77230347, -117.0970551
1555226808001, 19.100772060030522, 32.77230347, -117.0970551
1555226748001, 24.91940927718342, 32.77230347, -117.0970551
1555226717001, 18.00535230233529, 32.77230347, -117.0970551
1555226657001, 21.099660587772945, 32.77230347, -117.0970551
1555226627001, 21.40244087171662, 32.77230347, -117.0970551
1555226597001, 21.536317808875676, 32.77230347, -117.0970551
1555226567001, 21.9529927537873, 32.77230347, -117.0970551
1555226537001, 17.839739662163325, 32.77230347, -117.0970551
1555226507001, 21.56109247044048, 32.77230347, -117.0970551
1555226476001, 18.85806055378894, 32.77230347, -117.0970551
1555226386001, 20.913075316547598, 32.77230347, -117.0970551
1555226356001, 20.383488149058124, 32.77230347, -117.0970551
1555226326001, 20.28591267033917, 32.77230347, -117.0970551
1555226296001, 18.302950512222527, 32.77230347, -117.0970551
1555226266001, 21.387603047605268, 32.77230347, -117.0970551
1555226235001, 19.500723022237167, 32.77230347, -117.0970551
1555226205001, 19.923768920273336, 32.77230347, -117.0970551
1555226175001, 19.92324340903919, 32.77230347, -117.0970551
1555226145001, 21.195013119832854, 32.77230347, -117.0970551
1555226115001, 21.071520559944258, 32.77230347, -117.0970551
1555226054001, 19.68156541519598, 32.77230347, -117.0970551
1555226024001, 17.680637445756485, 32.77230347, -117.0970551
1555225994001, 14.493018073966443, 32.77230347, -117.0970551
1555225964001, 19.40415637717464, 32.77230347, -117.0970551
1555225934001, 18.28177107502114, 32.77230347, -117.0970551
1555225904001, 22.303890183652545, 32.77230347, -117.0970551
1555225874001, 17.931778348112182, 32.77230347, -117.0970551
1555225844001, 20.590483955825352, 32.77230347, -117.0970551
1555225814001, 19.14370581102677, 32.77230347, -117.0970551
1555225783001, 19.408658165606816, 32.77230347, -117.0970551
1555225753001, 20.801905912045243, 32.77230347, -117.0970551
1555225723001, 18.966621156956187, 32.77230347, -117.0970551
1555225693001, 20.79701655942074, 32.77230347, -117.0970551
1555225663001, 23.452613374290884, 32.77230347, -117.0970551
1555225632001, 21.43868860269656, 32.77230347, -117.0970551
1555225602001, 17.937001951269764, 32.77230347, -117.0970551
1555225572001, 18.997103939029248, 32.77230347, -117.0970551
1555225542001, 20.54752158176234, 32.77230347, -117.0970551
1555225512001, 18.704750210038934, 32.77230347, -117.0970551
1555225482001, 18.947553369693747, 32.77230347, -117.0970551
1555225452001, 18.271252513453852, 32.77230347, -117.0970551
1555225421001, 18.93425716202902, 32.77230347, -117.0970551
1555225391001, 19.181870862806008, 32.77230347, -117.0970551
1555225361001, 19.733823873137503, 32.77230347, -117.0970551
1555225331001, 18.824456569099784, 32.77230347, -117.0970551
1555225301001, 21.806777657630665, 32.77230347, -117.0970551
1555225241001, 18.06418004755973, 32.77230347, -117.0970551
1555225210001, 18.40881918276375, 32.77230347, -117.0970551
1555225180001, 18.39599327812057, 32.77230347, -117.0970551
1555225150001, 19.47660872259111, 32.77230347, -117.0970551
1555225090001, 18.63736864941706, 32.77230347, -117.0970551
1555225060001, 24.924631148462627, 32.77230347, -117.0970551
1555225030001, 20.117950052640463, 32.77230347, -117.0970551
1555224970001, 20.571196280077295, 32.77230347, -117.0970551
1555224940001, 20.42896350603083, 32.77230347, -117.0970551
1555224909001, 19.81020655619732, 32.77230347, -117.0970551
1555224849001, 20.170163769625105, 32.77230347, -117.0970551
1555224819001, 20.6332446746662, 32.77230347, -117.0970551
1555224789001, 23.01912038287803, 32.77230347, -117.0970551
1555224759001, 20.160447180972444, 32.77230347, -117.0970551
1555224729001, 19.13034426247992, 32.77230347, -117.0970551
1555224699001, 17.76233653280069, 32.77230347, -117.0970551
1555224669001, 19.929213176395336, 32.77230347, -117.0970551
1555224608001, 16.329281370979544, 32.77230347, -117.0970551
1555224578001, 21.897806196435745, 32.77230347, -117.0970551
1555224548001, 17.866512329469604, 32.77230347, -117.0970551
1555224518001, 19.994993714341046, 32.77230347, -117.0970551
1555224488001, 18.726776320192844, 32.77230347, -117.0970551
1555224458001, 21.501837355967385, 32.77230347, -117.0970551
1555224428001, 15.450472084090736, 32.77230347, -117.0970551
1555224397001, 20.72073552349519, 32.77230347, -117.0970551
1555224367001, 19.04121183712197, 32.77230347, -117.0970551
1555224307001, 20.839181201398098, 32.77230347, -117.0970551
1555224277001, 19.081424040031898, 32.77230347, -117.0970551
1555224247001, 19.2770374664104, 32.77230347, -117.0970551
1555224186001, 20.803465583700245, 32.77230347, -117.0970551
1555224156001, 16.741393155221825, 32.77230347, -117.0970551
1555224126001, 22.140792665247297, 32.77230347, -117.0970551
1555224096001, 17.843089093768086, 32.77230347, -117.0970551
1555224066001, 18.927733865940247, 32.77230347, -117.0970551
1555224036001, 19.417676023469966, 32.77230347, -117.0970551
1555224006001, 23.06118390026989, 32.77230347, -117.0970551
1555223976001, 17.811259335759196, 32.77230347, -117.0970551
1555223946001, 20.0681022763071, 32.77230347, -117.0970551
1555223915001, 19.869292519262235, 32.77230347, -117.0970551
1555223885001, 20.067913919961207, 32.77230347, -117.0970551
1555223855001, 20.115844822900097, 32.77230347, -117.0970551
1555223795001, 21.392836981921743, 32.77230347, -117.0970551
1555223765001, 20.825789559487724, 32.77230347, -117.0970551
1555223734001, 18.022412919144884, 32.77230347, -117.0970551
1555223704001, 18.128970416044282, 32.77230347, -117.0970551
1555223674001, 18.598845943483788, 32.77230347, -117.0970551
1555223614001, 18.854310232502126, 32.77230347, -117.0970551
1555223584001, 19.161316830716498, 32.77230347, -117.0970551
1555223523001, 18.399439794014274, 32.77230347, -117.0970551
1555223493001, 13.281211470098347, 32.77230347, -117.0970551
1555223433001, 18.83155802987681, 32.77230347, -117.0970551
1555223403001, 21.535059605896098, 32.77230347, -117.0970551
1555223373001, 20.35300791431482, 32.77230347, -117.0970551
1555223343001, 20.805153346413775, 32.77230347, -117.0970551
1555223312001, 21.5507265522249, 32.77230347, -117.0970551
1555223282001, 20.66889614416751, 32.77230347, -117.0970551
1555223252001, 19.15752741871838, 32.77230347, -117.0970551
1555223192001, 21.508650462515476, 32.77230347, -117.0970551
1555223162001, 18.852451756969074, 32.77230347, -117.0970551
1555223131001, 20.003433425157432, 32.77230347, -117.0970551
1555223101001, 19.446049833870504, 32.77230347, -117.0970551
1555223071001, 18.859654650178943, 32.77230347, -117.0970551
1555223041001, 21.456822442755406, 32.77230347, -117.0970551
1555223011001, 18.440890042815784, 32.77230347, -117.0970551
1555222981001, 20.47613428473309, 32.77230347, -117.0970551
1555222951001, 21.967909454004825, 32.77230347, -117.0970551
1555222890001, 19.439872030013955, 32.77230347, -117.0970551
1555222860001, 18.415064853609227, 32.77230347, -117.0970551
1555222830001, 18.072267623286223, 32.77230347, -117.0970551
1555222800001, 19.023557241974526, 32.77230347, -117.0970551
1555222770001, 17.453295785745713, 32.77230347, -117.0970551
1555222740001, 18.306641624088297, 32.77230347, -117.0970551
1555222710001, 19.825680560464086, 32.77230347, -117.0970551
1555222680001, 20.710299228939117, 32.77230347, -117.0970551
1555222650001, 18.444808602397625, 32.77230347, -117.0970551
1555222620001, 20.959932420320754, 32.77230347, -117.0970551
1555222589001, 17.9582886317676, 32.77230347, -117.0970551
1555222559001, 20.786124047682065, 32.77230347, -117.0970551
1555222529001, 17.75960314525443, 32.77230347, -117.0970551
1555222499001, 20.784200808118012, 32.77230347, -117.0970551
1555222469001, 19.93859320596989, 32.77230347, -117.0970551
1555232973001, 10.962679212608146, 32.83983046, -117.2749789
1555228689001, 6.288420207509562, 32.83983046, -117.2749789
1555228177001, 7.072558890033957, 32.83983046, -117.2749789
1555227544001, 9.529662157362832, 32.83983046, -117.2749789
1555224623001, 8.029881656499482, 32.83983046, -117.2749789
1555224502001, 8.691963054240912, 32.83983046, -117.2749789
1555224261001, 2.889315598827655, 32.83983046, -117.2749789
1555223840001, 0.91784565500382, 32.83983046, -117.2749789
1555223780001, 9.565968140301212, 32.83983046, -117.2749789
1555223629001, 6.906534721576909, 32.83983046, -117.2749789
1555223268001, 7.24958420512913, 32.83983046, -117.2749789
1555222997001, 1.4594445187929668, 32.83983046, -117.2749789
1555222967001, 6.3523380413581805, 32.83983046, -117.2749789
1555222514001, 1.0858386504324067, 32.83983046, -117.2749789
1555232924001, 4.822544769405017, 32.72267891, -117.1575708
1555232623001, 10.373612429241312, 32.72267891, -117.1575708
1555232532001, 19.00023294070795, 32.72267891, -117.1575708
1555232291001, 7.342404794180503, 32.72267891, -117.1575708
1555232231001, 5.498010670415213, 32.72267891, -117.1575708
1555231930001, 6.588622492702301, 32.72267891, -117.1575708
1555230967001, 7.2101738566308455, 32.72267891, -117.1575708
1555230425001, 12.15882382228609, 32.72267891, -117.1575708
1555230335001, 5.7674914732241955, 32.72267891, -117.1575708
1555230245001, 7.648580039725973, 32.72267891, -117.1575708
1555230154001, 7.671345546151021, 32.72267891, -117.1575708
1555230004001, 8.855685139147873, 32.72267891, -117.1575708
1555229853001, 8.882602850661526, 32.72267891, -117.1575708
1555229702001, 7.42285830324879, 32.72267891, -117.1575708
1555229492001, 8.603112818285943, 32.72267891, -117.1575708
1555229431001, 5.109905208286143, 32.72267891, -117.1575708
1555229160001, 11.099562055487654, 32.72267891, -117.1575708
1555228980001, 7.131250713908219, 32.72267891, -117.1575708
1555228829001, 9.446879499795523, 32.72267891, -117.1575708
1555228588001, 10.155229305820173, 32.72267891, -117.1575708
1555228467001, 8.418635672919669, 32.72267891, -117.1575708
1555228377001, 5.877876259405288, 32.72267891, -117.1575708
1555228016001, 8.730351531221007, 32.72267891, -117.1575708
1555227926001, 4.990109545160393, 32.72267891, -117.1575708
1555227504001, 5.469761912823312, 32.72267891, -117.1575708
1555227384001, 7.068655113360348, 32.72267891, -117.1575708
1555227263001, 11.720123078103432, 32.72267891, -117.1575708
1555227052001, 8.75403935854123, 32.72267891, -117.1575708
1555226359001, 8.093865331525926, 32.72267891, -117.1575708
1555226329001, 5.5591016592056315, 32.72267891, -117.1575708
1555225546001, 8.977546460553715, 32.72267891, -117.1575708
1555225365001, 10.2608472897865, 32.72267891, -117.1575708
1555225184001, 7.428290098291447, 32.72267891, -117.1575708
1555224822001, 7.386331493596717, 32.72267891, -117.1575708
1555224762001, 7.769101102326053, 32.72267891, -117.1575708
1555224340001, 9.286781000546288, 32.72267891, -117.1575708
1555224280001, 5.233918285531911, 32.72267891, -117.1575708
1555223647001, 9.705427812408978, 32.72267891, -117.1575708
1555223255001, 1.496973196045488, 32.72267891, -117.1575708
1555222924001, 12.079850914018998, 32.72267891, -117.1575708
1555222864001, 9.960716794796157, 32.72267891, -117.1575708
1555233099001, 14.011439542524894, 32.71868499, -117.1712061
1555233039001, 15.607707171286627, 32.71868499, -117.1712061
1555232858001, 15.609443885559365, 32.71868499, -117.1712061
1555232797001, 13.906801639869657, 32.71868499, -117.1712061
1555232617001, 16.53859567169205, 32.71868499, -117.1712061
1555232587001, 11.63351696173137, 32.71868499, -117.1712061
1555232556001, 11.004826242386857, 32.71868499, -117.1712061
1555232496001, 6.839157804767847, 32.71868499, -117.1712061
1555232406001, 15.493649352798101, 32.71868499, -117.1712061
1555232195001, 11.828287718845079, 32.71868499, -117.1712061
1555232165001, 15.020826284650145, 32.71868499, -117.1712061
1555232074001, 11.788323312821454, 32.71868499, -117.1712061
1555231439001, 12.973947348143287, 32.71868499, -117.1712061
1555231409001, 12.213144319919339, 32.71868499, -117.1712061
1555231319001, 13.418678994748078, 32.71868499, -117.1712061
1555231258001, 12.643653472767568, 32.71868499, -117.1712061
1555231138001, 13.199571858791712, 32.71868499, -117.1712061
1555230897001, 12.42508344628169, 32.71868499, -117.1712061
1555230656001, 8.164487800439566, 32.71868499, -117.1712061
1555230385001, 12.542128034234212, 32.71868499, -117.1712061
1555230355001, 13.180170227002021, 32.71868499, -117.1712061
1555230324001, 14.519907758982779, 32.71868499, -117.1712061
1555230294001, 10.4560249412346, 32.71868499, -117.1712061
1555230053001, 10.640436803168516, 32.71868499, -117.1712061
1555229842001, 9.712566688895416, 32.71868499, -117.1712061
1555229782001, 11.499112384480705, 32.71868499, -117.1712061
1555229631001, 10.865365579803282, 32.71868499, -117.1712061
1555229571001, 9.791076119060593, 32.71868499, -117.1712061
1555229511001, 16.184552495518105, 32.71868499, -117.1712061
1555229451002, 6.302251395001015, 32.71868499, -117.1712061
1555229451001, 12.587583253713035, 32.71868499, -117.1712061
1555229300001, 8.085344389535733, 32.71868499, -117.1712061
1555229270001, 16.18198063290521, 32.71868499, -117.1712061
1555229209001, 12.018083190738551, 32.71868499, -117.1712061
1555229149001, 14.504473979684146, 32.71868499, -117.1712061
1555229119001, 11.539739489966417, 32.71868499, -117.1712061
1555228787001, 13.366668285868862, 32.71868499, -117.1712061
1555228757001, 13.341122214418117, 32.71868499, -117.1712061
1555228637001, 13.069376982864231, 32.71868499, -117.1712061
1555228606001, 8.011802464928225, 32.71868499, -117.1712061
1555228546001, 13.305544041513107, 32.71868499, -117.1712061
1555228456001, 11.744380495298742, 32.71868499, -117.1712061
1555228426001, 11.499638167295497, 32.71868499, -117.1712061
1555228365001, 10.239755674216307, 32.71868499, -117.1712061
1555228155001, 9.976133510110405, 32.71868499, -117.1712061
1555227974001, 13.267853434608943, 32.71868499, -117.1712061
1555227824001, 13.854078119266184, 32.71868499, -117.1712061
1555227764001, 13.27970860428842, 32.71868499, -117.1712061
1555227703001, 11.559109323613708, 32.71868499, -117.1712061
1555227613001, 12.942226724008538, 32.71868499, -117.1712061
1555227583001, 13.46286189226847, 32.71868499, -117.1712061
1555227553001, 13.858603067529147, 32.71868499, -117.1712061
1555227522001, 10.776644013935975, 32.71868499, -117.1712061
1555227402001, 14.39525728641735, 32.71868499, -117.1712061
1555227342001, 13.359634063667619, 32.71868499, -117.1712061
1555227281001, 2.995285247725563, 32.71868499, -117.1712061
1555227191001, 16.212072213563342, 32.71868499, -117.1712061
1555227101001, 9.070489550614838, 32.71868499, -117.1712061
1555226920001, 11.896729646018315, 32.71868499, -117.1712061
1555226829001, 12.573551224653707, 32.71868499, -117.1712061
1555226739001, 14.632668233400185, 32.71868499, -117.1712061
1555226679001, 13.011053207457083, 32.71868499, -117.1712061
1555226648001, 13.257942240627196, 32.71868499, -117.1712061
1555226407001, 11.889653770784557, 32.71868499, -117.1712061
1555226257001, 12.868329607162146, 32.71868499, -117.1712061
1555226076001, 9.535365877657966, 32.71868499, -117.1712061
1555226016001, 11.563445763695263, 32.71868499, -117.1712061
1555225896001, 9.285101348660351, 32.71868499, -117.1712061
1555225836001, 5.01188877820032, 32.71868499, -117.1712061
1555225715001, 13.184972740557342, 32.71868499, -117.1712061
1555225625001, 12.62360598075908, 32.71868499, -117.1712061
1555225594001, 11.961112344508585, 32.71868499, -117.1712061
1555225564002, 6.13850438585231, 32.71868499, -117.1712061
1555225564001, 13.29396096516068, 32.71868499, -117.1712061
1555225474001, 10.988355728076062, 32.71868499, -117.1712061
1555225444001, 13.330344578896257, 32.71868499, -117.1712061
1555225203001, 12.703545523859077, 32.71868499, -117.1712061
1555225173001, 13.937077177283086, 32.71868499, -117.1712061
1555225113001, 11.711795729491604, 32.71868499, -117.1712061
1555225082001, 14.714244864858847, 32.71868499, -117.1712061
1555225052001, 12.865668708818635, 32.71868499, -117.1712061
1555225022001, 15.433826235776486, 32.71868499, -117.1712061
1555224992001, 12.13656778180182, 32.71868499, -117.1712061
1555224872001, 9.592902616489178, 32.71868499, -117.1712061
1555224751001, 13.020231395826771, 32.71868499, -117.1712061
1555224721001, 14.622548895233397, 32.71868499, -117.1712061
1555224691001, 10.819872920551624, 32.71868499, -117.1712061
1555224661001, 10.993870337997903, 32.71868499, -117.1712061
1555224329002, 9.104524356391762, 32.71868499, -117.1712061
1555224329001, 12.121090534661262, 32.71868499, -117.1712061
1555224269001, 13.619029195912393, 32.71868499, -117.1712061
1555224238001, 11.242394129717272, 32.71868499, -117.1712061
1555224208001, 10.958346391645032, 32.71868499, -117.1712061
1555224178001, 8.63322372072936, 32.71868499, -117.1712061
1555224118001, 13.15873352690342, 32.71868499, -117.1712061
1555223967001, 11.70282041356357, 32.71868499, -117.1712061
1555223756001, 12.274933494196425, 32.71868499, -117.1712061
1555223696001, 11.674551350294678, 32.71868499, -117.1712061
1555223666001, 14.435287831865175, 32.71868499, -117.1712061
1555223545001, 6.4049046518393284, 32.71868499, -117.1712061
1555223515001, 12.160791188036844, 32.71868499, -117.1712061
1555223425001, 12.388628738169848, 32.71868499, -117.1712061
1555223304001, 10.980399818791765, 32.71868499, -117.1712061
1555223214001, 14.857442830553705, 32.71868499, -117.1712061
1555223123001, 14.648263965387656, 32.71868499, -117.1712061
1555223093001, 13.092682070008355, 32.71868499, -117.1712061
1555223063001, 12.682670841816638, 32.71868499, -117.1712061
1555223033001, 11.593359252025277, 32.71868499, -117.1712061
1555223003001, 11.771457214629633, 32.71868499, -117.1712061
1555222822001, 11.85084091473783, 32.71868499, -117.1712061
1555222762001, 9.327696146669885, 32.71868499, -117.1712061
1555222671001, 11.00429315204416, 32.71868499, -117.1712061
1555222581001, 10.43682744520074, 32.71868499, -117.1712061
1555232790001, 16.983462265135525, 32.73681815, -117.2185793
1555232489001, 17.301949534025958, 32.73681815, -117.2185793
1555232338001, 15.807727255271118, 32.73681815, -117.2185793
1555232217001, 16.90804029950401, 32.73681815, -117.2185793
1555232187001, 17.6559826965107, 32.73681815, -117.2185793
1555231886001, 15.5309502411646, 32.73681815, -117.2185793
1555231855001, 6.355275412706672, 32.73681815, -117.2185793
1555231705001, 15.507223369415245, 32.73681815, -117.2185793
1555231675001, 18.999088916396325, 32.73681815, -117.2185793
1555231645001, 15.994759559494295, 32.73681815, -117.2185793
1555231614001, 19.22170117952365, 32.73681815, -117.2185793
1555231403001, 16.249866391133253, 32.73681815, -117.2185793
1555231343001, 23.990781938695736, 32.73681815, -117.2185793
1555231313001, 17.51663374753117, 32.73681815, -117.2185793
1555231072001, 14.325730624901466, 32.73681815, -117.2185793
1555231012001, 16.18869913705567, 32.73681815, -117.2185793
1555230921001, 16.92887612144601, 32.73681815, -117.2185793
1555230891001, 20.73183629392978, 32.73681815, -117.2185793
1555230831001, 16.340970440447027, 32.73681815, -117.2185793
1555230515001, 18.30239007585062, 32.73681815, -117.2185793
1555230485001, 12.255804281710391, 32.73681815, -117.2185793
1555230274001, 18.507809239097565, 32.73681815, -117.2185793
1555230183001, 17.12205852320035, 32.73681815, -117.2185793
1555230002001, 5.712215396006116, 32.73681815, -117.2185793
1555229912001, 23.595956822866516, 32.73681815, -117.2185793
1555229731001, 21.48938033883025, 32.73681815, -117.2185793
1555229460001, 6.449434637177799, 32.73681815, -117.2185793
1555229400001, 18.641158746872573, 32.73681815, -117.2185793
1555229339001, 19.09705093255616, 32.73681815, -117.2185793
1555229249001, 19.73709720146931, 32.73681815, -117.2185793
1555229128001, 13.837496736737505, 32.73681815, -117.2185793
1555229038001, 12.478466883118955, 32.73681815, -117.2185793
1555229008001, 6.883267712633323, 32.73681815, -117.2185793
1555228767001, 9.390276042667772, 32.73681815, -117.2185793
1555228647001, 20.368309640006167, 32.73681815, -117.2185793
1555228436001, 6.77442632433646, 32.73681815, -117.2185793
1555228315001, 18.157338977242166, 32.73681815, -117.2185793
1555228224001, 16.255223631705018, 32.73681815, -117.2185793
1555228164001, 17.941844817117254, 32.73681815, -117.2185793
1555228104001, 25.948774888956738, 32.73681815, -117.2185793
1555228074001, 18.120326331412986, 32.73681815, -117.2185793
1555227953001, 12.006005105395708, 32.73681815, -117.2185793
1555227923001, 20.992976453551247, 32.73681815, -117.2185793
1555227773001, 23.62437216699066, 32.73681815, -117.2185793
1555227682001, 18.205420134337302, 32.73681815, -117.2185793
1555227622001, 18.41612633370677, 32.73681815, -117.2185793
1555227562001, 13.798250984528345, 32.73681815, -117.2185793
1555227471001, 12.918887434097874, 32.73681815, -117.2185793
1555227291001, 17.914009698098067, 32.73681815, -117.2185793
1555227170001, 12.919203647073918, 32.73681815, -117.2185793
1555227140001, 14.976016381667472, 32.73681815, -117.2185793
1555227050001, 10.317652870939732, 32.73681815, -117.2185793
1555227020001, 7.7783559269604154, 32.73681815, -117.2185793
1555226869001, 19.431005407761308, 32.73681815, -117.2185793
1555226839001, 13.585733056641413, 32.73681815, -117.2185793
1555226748001, 18.073922380368018, 32.73681815, -117.2185793
1555226688001, 16.63211368378721, 32.73681815, -117.2185793
1555226658001, 16.29921185561332, 32.73681815, -117.2185793
1555226628001, 18.015715927399572, 32.73681815, -117.2185793
1555226598001, 20.003081924899867, 32.73681815, -117.2185793
1555226447001, 20.60945098162259, 32.73681815, -117.2185793
1555226417001, 18.712410842934208, 32.73681815, -117.2185793
1555226327001, 14.116732515017144, 32.73681815, -117.2185793
1555226296001, 20.479438557414966, 32.73681815, -117.2185793
1555226266001, 9.940612805881024, 32.73681815, -117.2185793
1555226236001, 5.797381064366318, 32.73681815, -117.2185793
1555226206001, 11.456070145975634, 32.73681815, -117.2185793
1555226146001, 12.453737923190722, 32.73681815, -117.2185793
1555226086001, 14.249389809171198, 32.73681815, -117.2185793
1555226056001, 11.641498362888683, 32.73681815, -117.2185793
1555225995001, 11.205532871241138, 32.73681815, -117.2185793
1555225874001, 17.049141965754874, 32.73681815, -117.2185793
1555225814001, 14.186788061004801, 32.73681815, -117.2185793
1555225784001, 10.560168176163085, 32.73681815, -117.2185793
1555225693001, 19.240640599287676, 32.73681815, -117.2185793
1555225663001, 10.114389311983913, 32.73681815, -117.2185793
1555225633001, 19.267507967385804, 32.73681815, -117.2185793
1555225573001, 10.149414536987987, 32.73681815, -117.2185793
1555225482001, 15.597121955586744, 32.73681815, -117.2185793
1555225362001, 20.530443043724595, 32.73681815, -117.2185793
1555225241001, 18.943026086082856, 32.73681815, -117.2185793
1555225181001, 19.9663728218346, 32.73681815, -117.2185793
1555225151001, 17.22291649567019, 32.73681815, -117.2185793
1555225121001, 18.000334492482335, 32.73681815, -117.2185793
1555225060001, 19.1716278585941, 32.73681815, -117.2185793
1555225000001, 16.37999315182529, 32.73681815, -117.2185793
1555224910001, 20.2973109757437, 32.73681815, -117.2185793
1555224880001, 17.979960607559537, 32.73681815, -117.2185793
1555224729001, 8.150583986170762, 32.73681815, -117.2185793
1555224608001, 19.718426221338014, 32.73681815, -117.2185793
1555224578001, 9.275135853490148, 32.73681815, -117.2185793
1555224548001, 15.01537605214374, 32.73681815, -117.2185793
1555224458001, 16.834884423956623, 32.73681815, -117.2185793
1555224367001, 16.16414701907243, 32.73681815, -117.2185793
1555224337001, 10.92679314749396, 32.73681815, -117.2185793
1555224307001, 14.214592419361686, 32.73681815, -117.2185793
1555224187001, 8.669394923072556, 32.73681815, -117.2185793
1555224157001, 18.916087577503582, 32.73681815, -117.2185793
1555224066001, 14.396720877673078, 32.73681815, -117.2185793
1555224006001, 16.418224868522525, 32.73681815, -117.2185793
1555223946001, 16.818770625924536, 32.73681815, -117.2185793
1555223915001, 17.639194101464838, 32.73681815, -117.2185793
1555223885001, 20.447906606955982, 32.73681815, -117.2185793
1555223855001, 8.258351999502285, 32.73681815, -117.2185793
1555223825001, 16.97658398849358, 32.73681815, -117.2185793
1555223795001, 21.39635176533029, 32.73681815, -117.2185793
1555223765001, 7.405228040797013, 32.73681815, -117.2185793
1555223734001, 17.67028923542381, 32.73681815, -117.2185793
1555223614001, 14.975293203049537, 32.73681815, -117.2185793
1555223523001, 12.483424292514522, 32.73681815, -117.2185793
1555223493001, 18.404848443580143, 32.73681815, -117.2185793
1555223463001, 19.666539373120628, 32.73681815, -117.2185793
1555223433001, 15.573461453228498, 32.73681815, -117.2185793
1555223403001, 17.338096763763303, 32.73681815, -117.2185793
1555223373001, 18.0840039305428, 32.73681815, -117.2185793
1555223342001, 6.982708165410343, 32.73681815, -117.2185793
1555223312001, 13.17154282077653, 32.73681815, -117.2185793
1555223252001, 14.69793409494551, 32.73681815, -117.2185793
1555223222001, 17.376888805858776, 32.73681815, -117.2185793
1555223191001, 7.942208063858866, 32.73681815, -117.2185793
1555223161001, 8.908008097831976, 32.73681815, -117.2185793
1555223101001, 14.074544040291247, 32.73681815, -117.2185793
1555223071001, 6.780534989300894, 32.73681815, -117.2185793
1555223041001, 14.134942733057699, 32.73681815, -117.2185793
1555222980001, 10.64953471883367, 32.73681815, -117.2185793
1555222950001, 19.35358486712596, 32.73681815, -117.2185793
1555222920001, 19.621693554794163, 32.73681815, -117.2185793
1555222890001, 11.883074951621692, 32.73681815, -117.2185793
1555222860001, 18.769552991408894, 32.73681815, -117.2185793
1555222830001, 15.79068304965714, 32.73681815, -117.2185793
1555222739001, 19.363709329109305, 32.73681815, -117.2185793
1555222709001, 16.96870822883882, 32.73681815, -117.2185793
1555222679001, 18.614999390536575, 32.73681815, -117.2185793
1555222649001, 23.264401314709595, 32.73681815, -117.2185793
1555222618001, 16.917000352026168, 32.73681815, -117.2185793
1555222588001, 17.31145734436068, 32.73681815, -117.2185793
1555222558001, 8.058896101917876, 32.73681815, -117.2185793
1555222528001, 17.27566940126739, 32.73681815, -117.2185793
1555233224001, 5.911505164064082, 32.56654095, -117.09273144
1555233133001, 7.079740743667358, 32.56654095, -117.09273144
1555232983001, 7.460690040287039, 32.56654095, -117.09273144
1555232892001, 10.710482800014637, 32.56654095, -117.09273144
1555232682001, 5.713033126750963, 32.56654095, -117.09273144
1555232622001, 7.8187415124107, 32.56654095, -117.09273144
1555232441001, 8.237250275987156, 32.56654095, -117.09273144
1555231847001, 6.46241667854045, 32.56654095, -117.09273144
1555231697001, 5.511173176693897, 32.56654095, -117.09273144
1555231335001, 6.262125018689033, 32.56654095, -117.09273144
1555230973001, 7.233115879628561, 32.56654095, -117.09273144
1555230943001, 7.385080595881307, 32.56654095, -117.09273144
1555230701001, 7.830451432310197, 32.56654095, -117.09273144
1555230430001, 8.064831002937414, 32.56654095, -117.09273144
1555230039001, 6.204704433434541, 32.56654095, -117.09273144
1555229918001, 7.3209331073255335, 32.56654095, -117.09273144
1555229647001, 7.500896228699661, 32.56654095, -117.09273144
1555229587001, 7.4840494463688785, 32.56654095, -117.09273144
1555229466001, 6.861112260095897, 32.56654095, -117.09273144
1555229255001, 5.606474021937076, 32.56654095, -117.09273144
1555228773001, 6.968760258543001, 32.56654095, -117.09273144
1555228532001, 7.794647076150834, 32.56654095, -117.09273144
1555228502001, 7.642773271716066, 32.56654095, -117.09273144
1555228441001, 6.262222874921152, 32.56654095, -117.09273144
1555228411001, 6.7345250846999, 32.56654095, -117.09273144
1555227959001, 7.3154403944758775, 32.56654095, -117.09273144
1555227899001, 7.283576481774472, 32.56654095, -117.09273144
1555227868001, 8.631715990957726, 32.56654095, -117.09273144
1555227778001, 6.243471700981033, 32.56654095, -117.09273144
1555227658001, 6.747271770080469, 32.56654095, -117.09273144
1555227537001, 6.976208234385583, 32.56654095, -117.09273144
1555227507001, 6.302090459630527, 32.56654095, -117.09273144
1555227416001, 6.844908601028447, 32.56654095, -117.09273144
1555227386001, 7.841883936262395, 32.56654095, -117.09273144
1555227296001, 8.2156747502322, 32.56654095, -117.09273144
1555227236001, 6.615245605858277, 32.56654095, -117.09273144
1555227085001, 7.8594418185441945, 32.56654095, -117.09273144
1555226934001, 7.579049638413539, 32.56654095, -117.09273144
1555226874001, 6.159851559946674, 32.56654095, -117.09273144
1555226844001, 6.724114956331107, 32.56654095, -117.09273144
1555226814001, 4.9347470332811065, 32.56654095, -117.09273144
1555226753001, 6.419983346142355, 32.56654095, -117.09273144
1555226573001, 9.222198816432922, 32.56654095, -117.09273144
1555226543001, 7.914110928674991, 32.56654095, -117.09273144
1555226512001, 12.005027488397491, 32.56654095, -117.09273144
1555226422001, 4.739132435920508, 32.56654095, -117.09273144
1555226362001, 7.079036932677684, 32.56654095, -117.09273144
1555226121001, 7.297492801531104, 32.56654095, -117.09273144
1555226030001, 7.9021185456923355, 32.56654095, -117.09273144
1555225940001, 8.061996758638077, 32.56654095, -117.09273144
1555225880001, 8.96218273163375, 32.56654095, -117.09273144
1555225789001, 8.637450407874265, 32.56654095, -117.09273144
1555225729001, 6.354050527345179, 32.56654095, -117.09273144
1555225699001, 7.530311059053921, 32.56654095, -117.09273144
1555225669001, 6.6782993654467555, 32.56654095, -117.09273144
1555225608001, 7.335876633485407, 32.56654095, -117.09273144
1555225488001, 7.296339760339544, 32.56654095, -117.09273144
1555225246001, 4.868576762624328, 32.56654095, -117.09273144
1555225186001, 5.9058262903977, 32.56654095, -117.09273144
1555225126001, 7.832344128679865, 32.56654095, -117.09273144
1555225096001, 6.677032235792849, 32.56654095, -117.09273144
1555224945001, 5.122011653638556, 32.56654095, -117.09273144
1555224824001, 7.584757669446358, 32.56654095, -117.09273144
1555224674001, 5.734167320368147, 32.56654095, -117.09273144
1555224553001, 5.205380277430486, 32.56654095, -117.09273144
1555224493001, 5.649094864160822, 32.56654095, -117.09273144
1555224372001, 6.3564252019134, 32.56654095, -117.09273144
1555224282001, 6.09046767987981, 32.56654095, -117.09273144
1555224252001, 6.619051731367902, 32.56654095, -117.09273144
1555224131001, 7.02791665806004, 32.56654095, -117.09273144
1555224101001, 8.320333690282352, 32.56654095, -117.09273144
1555224011001, 6.7035449428970715, 32.56654095, -117.09273144
1555223920001, 6.64714235805953, 32.56654095, -117.09273144
1555223890001, 9.026062955178245, 32.56654095, -117.09273144
1555223829001, 7.958277246950899, 32.56654095, -117.09273144
1555223709001, 8.370152878848215, 32.56654095, -117.09273144
1555223619001, 6.339704011182638, 32.56654095, -117.09273144
1555223558001, 6.53259339208734, 32.56654095, -117.09273144
1555223468001, 5.616040831643084, 32.56654095, -117.09273144
1555223408001, 7.767577103103536, 32.56654095, -117.09273144
1555223378001, 6.268088982129379, 32.56654095, -117.09273144
1555223287001, 9.020194345540197, 32.56654095, -117.09273144
1555223076001, 10.092665391971666, 32.56654095, -117.09273144
1555223046001, 6.668207200401755, 32.56654095, -117.09273144
1555222925001, 6.5718642977760195, 32.56654095, -117.09273144
1555222775001, 8.614881286735791, 32.56654095, -117.09273144
1555222745001, 9.777460556897307, 32.56654095, -117.09273144
1555222715001, 6.118631247065198, 32.56654095, -117.09273144
1555232552001, 10.320388970076241, 32.96193667, -117.23428996
1555231179001, 11.513436093506728, 32.96193667, -117.23428996
1555230516001, 14.041862263655371, 32.96193667, -117.23428996
1555230365001, 11.850553952524255, 32.96193667, -117.23428996
1555230154001, 11.065843430316034, 32.96193667, -117.23428996
1555229642001, 11.493544402940575, 32.96193667, -117.23428996
1555229491001, 10.271343535111269, 32.96193667, -117.23428996
1555229250001, 16.443549755989444, 32.96193667, -117.23428996
1555229009001, 11.666967654890417, 32.96193667, -117.23428996
1555228587001, 8.492492498398253, 32.96193667, -117.23428996
1555228286001, 17.5008045007116, 32.96193667, -117.23428996
1555228225001, 10.437196012244426, 32.96193667, -117.23428996
1555228135001, 9.291858138106686, 32.96193667, -117.23428996
1555227562001, 9.255380875479526, 32.96193667, -117.23428996
1555226869001, 8.509759915704453, 32.96193667, -117.23428996
1555226357001, 7.8335197198642055, 32.96193667, -117.23428996
1555226237001, 10.790075563220805, 32.96193667, -117.23428996
1555226025001, 13.952579999028307, 32.96193667, -117.23428996
1555225423001, 10.908627261442401, 32.96193667, -117.23428996
1555225212001, 9.315387365712695, 32.96193667, -117.23428996
1555225061001, 11.837601447182928, 32.96193667, -117.23428996
1555225031001, 11.22323130088134, 32.96193667, -117.23428996
1555224880001, 13.414667544763772, 32.96193667, -117.23428996
1555224730001, 18.18903095696148, 32.96193667, -117.23428996
1555224639001, 13.840573127872373, 32.96193667, -117.23428996
1555224428001, 14.110059676676286, 32.96193667, -117.23428996
1555224398001, 12.372008494192778, 32.96193667, -117.23428996
1555224308001, 13.677972245708592, 32.96193667, -117.23428996
1555224278001, 12.243706070141808, 32.96193667, -117.23428996
1555224128001, 20.78539530599835, 32.96193667, -117.23428996
1555224007001, 9.877361429464193, 32.96193667, -117.23428996
1555223766001, 11.772269618659493, 32.96193667, -117.23428996
1555223705001, 10.620165442373942, 32.96193667, -117.23428996
1555223585001, 13.333410325650767, 32.96193667, -117.23428996
1555223434001, 10.392125511525403, 32.96193667, -117.23428996
1555222741001, 14.1646245327415, 32.96193667, -117.23428996
1555222530001, 10.96765151780631, 32.96193667, -117.23428996
1555233031001, 10.89155841751722, 32.7151864566019, -117.149596007969
1555232549001, 11.059419526930972, 32.7151864566019, -117.149596007969
1555232429001, 11.021230872943802, 32.7151864566019, -117.149596007969
1555232218001, 8.604419834810253, 32.7151864566019, -117.149596007969
1555231645001, 14.935164076530961, 32.7151864566019, -117.149596007969
1555230458001, 9.597991808488935, 32.7151864566019, -117.149596007969
1555229886001, 9.095453742715662, 32.7151864566019, -117.149596007969
1555228590001, 8.10602927547969, 32.7151864566019, -117.149596007969
1555228530001, 12.092395319885721, 32.7151864566019, -117.149596007969
1555227716001, 9.612782414893465, 32.7151864566019, -117.149596007969
1555227505001, 8.22099894627576, 32.7151864566019, -117.149596007969
1555227385001, 6.609200155965463, 32.7151864566019, -117.149596007969
1555227294001, 11.665357188749942, 32.7151864566019, -117.149596007969
1555227144001, 13.585522427935745, 32.7151864566019, -117.149596007969
1555226481001, 7.303229156259153, 32.7151864566019, -117.149596007969
1555226180001, 3.836885341061214, 32.7151864566019, -117.149596007969
1555226150001, 7.235489397782436, 32.7151864566019, -117.149596007969
1555225788001, 7.655183503197521, 32.7151864566019, -117.149596007969
1555225667001, 8.02539930012621, 32.7151864566019, -117.149596007969
1555224763001, 9.86152645091567, 32.7151864566019, -117.149596007969
1555224492001, 9.917972727798313, 32.7151864566019, -117.149596007969
1555224341001, 13.965155352647256, 32.7151864566019, -117.149596007969
1555224251001, 14.941213968159088, 32.7151864566019, -117.149596007969
1555222654001, 10.851066089002309, 32.7151864566019, -117.149596007969
1555222624001, 10.089780316977446, 32.7151864566019, -117.149596007969
1555222563001, 10.66278656923137, 32.7151864566019, -117.149596007969
1555232651001, 10.29219721308496, 32.71083279, -117.1654918
1555231605001, 9.4865503891361, 32.71083279, -117.1654918
1555230883001, 11.389946957268597, 32.71083279, -117.1654918
1555230672001, 9.814950237902403, 32.71083279, -117.1654918
1555228322001, 11.42188648836672, 32.71083279, -117.1654918
1555227659001, 12.898028604025347, 32.71083279, -117.1654918
1555227056001, 8.636092488638884, 32.71083279, -117.1654918
1555226755001, 8.876490895346064, 32.71083279, -117.1654918
1555225701001, 10.101368700446116, 32.71083279, -117.1654918
1555224555001, 8.686215606391706, 32.71083279, -117.1654918
1555224133001, 11.02593157819521, 32.71083279, -117.1654918
1555223470001, 7.459600189917113, 32.71083279, -117.1654918
1555233338001, 4.509948838549004, 32.71143062, -117.1600173
1555233308001, 7.182016517117571, 32.71143062, -117.1600173
1555233278001, 2.8425628714009505, 32.71143062, -117.1600173
1555233217001, 5.698332460861793, 32.71143062, -117.1600173
1555233187001, 4.626369378091618, 32.71143062, -117.1600173
1555233126001, 6.606120507491875, 32.71143062, -117.1600173
1555233096001, 5.530225990285945, 32.71143062, -117.1600173
1555233005001, 5.033378194737769, 32.71143062, -117.1600173
1555232915001, 3.039343683976588, 32.71143062, -117.1600173
1555232885001, 3.58948036601777, 32.71143062, -117.1600173
1555232824001, 5.675086681800224, 32.71143062, -117.1600173
1555232794001, 6.705241502465031, 32.71143062, -117.1600173
1555232764001, 5.880676644153994, 32.71143062, -117.1600173
1555232704001, 5.817040241394434, 32.71143062, -117.1600173
1555232674001, 6.72053729734053, 32.71143062, -117.1600173
1555232583001, 2.8355420049548585, 32.71143062, -117.1600173
1555232493001, 5.865602043927221, 32.71143062, -117.1600173
1555232432001, 5.898466315591477, 32.71143062, -117.1600173
1555232402001, 5.221017111055604, 32.71143062, -117.1600173
1555232372001, 6.247477399232427, 32.71143062, -117.1600173
1555232311001, 6.162980389245361, 32.71143062, -117.1600173
1555232220001, 6.787658435941659, 32.71143062, -117.1600173
1555232190001, 3.952112747463248, 32.71143062, -117.1600173
1555232129001, 5.009513690689273, 32.71143062, -117.1600173
1555231816001, 3.7624657493278457, 32.71143062, -117.1600173
1555231786001, 5.261881763293679, 32.71143062, -117.1600173
1555231695001, 4.733136912505816, 32.71143062, -117.1600173
1555231664001, 4.721073114867413, 32.71143062, -117.1600173
1555231634001, 3.792151403722683, 32.71143062, -117.1600173
1555231604001, 5.497651857351985, 32.71143062, -117.1600173
1555231574001, 3.7558608805092053, 32.71143062, -117.1600173
1555231544001, 7.161572031209116, 32.71143062, -117.1600173
1555231483001, 3.6536950436182605, 32.71143062, -117.1600173
1555231453001, 5.149744786375237, 32.71143062, -117.1600173
1555231423001, 4.398821722474125, 32.71143062, -117.1600173
1555231393001, 4.613513736154849, 32.71143062, -117.1600173
1555231363001, 5.196562434162232, 32.71143062, -117.1600173
1555231332001, 5.3130237491638805, 32.71143062, -117.1600173
1555231302001, 5.195177012036333, 32.71143062, -117.1600173
1555231212001, 3.7166163733961946, 32.71143062, -117.1600173
1555231181001, 6.136712010684233, 32.71143062, -117.1600173
1555231121001, 5.1353126163235645, 32.71143062, -117.1600173
1555231091001, 6.687800246471741, 32.71143062, -117.1600173
1555231060001, 7.332367850197901, 32.71143062, -117.1600173
1555231030001, 5.543700744416581, 32.71143062, -117.1600173
1555230999001, 6.254279602630553, 32.71143062, -117.1600173
1555230908001, 4.1696988910462345, 32.71143062, -117.1600173
1555230818001, 5.427563087257622, 32.71143062, -117.1600173
1555230788001, 2.562136103596475, 32.71143062, -117.1600173
1555230697001, 6.715702380870435, 32.71143062, -117.1600173
1555230606001, 4.519787531054557, 32.71143062, -117.1600173
1555230576001, 2.901965327048601, 32.71143062, -117.1600173
1555230485001, 5.249038202761614, 32.71143062, -117.1600173
1555230303001, 5.335854882924201, 32.71143062, -117.1600173
1555230273001, 6.172315191608267, 32.71143062, -117.1600173
1555230213001, 8.657718964248224, 32.71143062, -117.1600173
1555230122001, 3.572638346893585, 32.71143062, -117.1600173
1555230092001, 5.7491754789965555, 32.71143062, -117.1600173
1555229880001, 6.204320292211175, 32.71143062, -117.1600173
1555229819001, 6.520884298676691, 32.71143062, -117.1600173
1555229789001, 6.580672616172649, 32.71143062, -117.1600173
1555229729001, 5.219842750144737, 32.71143062, -117.1600173
1555229698001, 4.280577155556286, 32.71143062, -117.1600173
1555229607001, 5.073664722050778, 32.71143062, -117.1600173
1555229577001, 3.596308233994621, 32.71143062, -117.1600173
1555229517001, 7.580986055136895, 32.71143062, -117.1600173
1555229486001, 6.957224699684313, 32.71143062, -117.1600173
1555229456001, 4.291847091235278, 32.71143062, -117.1600173
1555229304001, 7.820278885454391, 32.71143062, -117.1600173
1555229274001, 5.308360249742272, 32.71143062, -117.1600173
1555229244001, 4.398889874553719, 32.71143062, -117.1600173
1555229214001, 7.5133199633682, 32.71143062, -117.1600173
1555229183001, 3.311838704031028, 32.71143062, -117.1600173
1555229002001, 4.635311213467658, 32.71143062, -117.1600173
1555228972001, 6.182331862471289, 32.71143062, -117.1600173
1555228820001, 4.768101129154778, 32.71143062, -117.1600173
1555228699001, 5.1558257632500215, 32.71143062, -117.1600173
1555228669001, 3.013545786721372, 32.71143062, -117.1600173
1555228638001, 5.706848693011765, 32.71143062, -117.1600173
1555228608001, 5.871879672656788, 32.71143062, -117.1600173
1555228578001, 5.850837962453378, 32.71143062, -117.1600173
1555228517001, 7.402057116539516, 32.71143062, -117.1600173
1555228487001, 5.233363890332198, 32.71143062, -117.1600173
1555228396001, 5.059781645613169, 32.71143062, -117.1600173
1555228305001, 6.249062807734432, 32.71143062, -117.1600173
1555228214001, 4.007004957250136, 32.71143062, -117.1600173
1555228184001, 4.318060601516068, 32.71143062, -117.1600173
1555228123001, 5.185767690113956, 32.71143062, -117.1600173
1555228093001, 5.155062244654631, 32.71143062, -117.1600173
1555228032001, 7.0291720706790395, 32.71143062, -117.1600173
1555227972001, 5.548746316861385, 32.71143062, -117.1600173
1555227911001, 5.524038926661756, 32.71143062, -117.1600173
1555227881001, 6.152579815442142, 32.71143062, -117.1600173
1555227820001, 7.112859161997292, 32.71143062, -117.1600173
1555227790001, 6.004106678037991, 32.71143062, -117.1600173
1555227759001, 2.893833989212239, 32.71143062, -117.1600173
1555227729001, 5.762951067877657, 32.71143062, -117.1600173
1555227639001, 7.964525868245925, 32.71143062, -117.1600173
1555227518001, 4.177633057706943, 32.71143062, -117.1600173
1555227488001, 5.608900095378652, 32.71143062, -117.1600173
1555227427001, 4.7893150004325795, 32.71143062, -117.1600173
1555227397001, 4.046704971177302, 32.71143062, -117.1600173
1555227306001, 6.736119492133469, 32.71143062, -117.1600173
1555227245001, 4.124375297247876, 32.71143062, -117.1600173
1555227215001, 1.6043247177640447, 32.71143062, -117.1600173
1555227185001, 3.4647779119652737, 32.71143062, -117.1600173
1555227124001, 6.757845099388344, 32.71143062, -117.1600173
1555227034001, 6.064082885533873, 32.71143062, -117.1600173
1555226943001, 4.924816584233142, 32.71143062, -117.1600173
1555226913001, 4.470485885925487, 32.71143062, -117.1600173
1555226883001, 2.376428854179443, 32.71143062, -117.1600173
1555226852001, 2.3799793105867857, 32.71143062, -117.1600173
1555226822001, 2.642274470501288, 32.71143062, -117.1600173
1555226792001, 4.80879832140858, 32.71143062, -117.1600173
1555226701001, 4.595570206448496, 32.71143062, -117.1600173
1555226671001, 5.689947036490616, 32.71143062, -117.1600173
1555226610001, 6.724016185556778, 32.71143062, -117.1600173
1555226580001, 5.495070990296559, 32.71143062, -117.1600173
1555226489001, 6.362555245174255, 32.71143062, -117.1600173
1555226428001, 3.1720376988492336, 32.71143062, -117.1600173
1555226398001, 5.819436351135635, 32.71143062, -117.1600173
1555226368001, 5.59500237343148, 32.71143062, -117.1600173
1555226307001, 6.149891958368782, 32.71143062, -117.1600173
1555226276001, 4.007072647880921, 32.71143062, -117.1600173
1555226216001, 5.956154214106292, 32.71143062, -117.1600173
1555226125002, 5.945400974242375, 32.71143062, -117.1600173
1555226125001, 6.265711632692793, 32.71143062, -117.1600173
1555226004001, 4.90314942811279, 32.71143062, -117.1600173
1555225974001, 4.895528272661941, 32.71143062, -117.1600173
1555225944001, 6.611039093842901, 32.71143062, -117.1600173
1555225914001, 7.125429075456971, 32.71143062, -117.1600173
1555225823001, 6.721357340256436, 32.71143062, -117.1600173
1555225793001, 5.655138396572465, 32.71143062, -117.1600173
1555225763001, 3.8507857011620668, 32.71143062, -117.1600173
1555225732001, 4.586933513790031, 32.71143062, -117.1600173
1555225702001, 5.078440693289596, 32.71143062, -117.1600173
1555225672001, 4.898082406921681, 32.71143062, -117.1600173
1555225611001, 6.319327238073829, 32.71143062, -117.1600173
1555225520001, 6.380085776141819, 32.71143062, -117.1600173
1555225490001, 4.490342530144271, 32.71143062, -117.1600173
1555225460001, 5.764724180059194, 32.71143062, -117.1600173
1555225429001, 3.350470531782614, 32.71143062, -117.1600173
1555225399001, 5.88332122307481, 32.71143062, -117.1600173
1555225308001, 4.4109772400129765, 32.71143062, -117.1600173
1555225217001, 3.5599393182835106, 32.71143062, -117.1600173
1555225187001, 4.931549864747338, 32.71143062, -117.1600173
1555225126001, 6.557727230474936, 32.71143062, -117.1600173
1555225096001, 5.535597055009433, 32.71143062, -117.1600173
1555225036001, 6.134950054658029, 32.71143062, -117.1600173
1555225005001, 5.89978952187394, 32.71143062, -117.1600173
1555224975002, 1.6542627166551884, 32.71143062, -117.1600173
1555224975001, 4.163790382717057, 32.71143062, -117.1600173
1555224945001, 3.4440399597569558, 32.71143062, -117.1600173
1555224914001, 5.883598309444717, 32.71143062, -117.1600173
1555224884001, 5.487293325431201, 32.71143062, -117.1600173
1555224854001, 0.245871557021314, 32.71143062, -117.1600173
1555224823001, 5.894666558452674, 32.71143062, -117.1600173
1555224793001, 3.3974523764580353, 32.71143062, -117.1600173
1555224733001, 6.160051735134976, 32.71143062, -117.1600173
1555224702001, 4.82965568477162, 32.71143062, -117.1600173
1555224642001, 2.1203831569067844, 32.71143062, -117.1600173
1555224612001, 6.618275068346714, 32.71143062, -117.1600173
1555224582001, 5.526517747498333, 32.71143062, -117.1600173
1555224522001, 6.360797405829285, 32.71143062, -117.1600173
1555224491001, 4.679149389895677, 32.71143062, -117.1600173
1555224431001, 5.459512641398524, 32.71143062, -117.1600173
1555224401001, 5.7846828137481054, 32.71143062, -117.1600173
1555224310001, 4.936608963853972, 32.71143062, -117.1600173
1555224280001, 4.765038404221908, 32.71143062, -117.1600173
1555224219001, 5.723837344885329, 32.71143062, -117.1600173
1555224189001, 5.296676313236677, 32.71143062, -117.1600173
1555224129001, 5.192952985864512, 32.71143062, -117.1600173
1555224038001, 4.637856515826366, 32.71143062, -117.1600173
1555224007001, 5.891689723023767, 32.71143062, -117.1600173
1555223916001, 6.484419356505297, 32.71143062, -117.1600173
1555223886001, 5.594971396166201, 32.71143062, -117.1600173
1555223825001, 4.962797723899506, 32.71143062, -117.1600173
1555223795001, 4.955385268479608, 32.71143062, -117.1600173
1555223734001, 6.207307295378457, 32.71143062, -117.1600173
1555223704001, 4.7596065693856975, 32.71143062, -117.1600173
1555223613001, 4.6964957139642785, 32.71143062, -117.1600173
1555223583001, 6.579606079753961, 32.71143062, -117.1600173
1555223523001, 5.355017775171154, 32.71143062, -117.1600173
1555223492001, 6.350872799536892, 32.71143062, -117.1600173
1555223402001, 6.96918133955449, 32.71143062, -117.1600173
1555223341001, 4.5276392530647716, 32.71143062, -117.1600173
1555223311001, 4.156565118282128, 32.71143062, -117.1600173
1555223281001, 4.90094667895775, 32.71143062, -117.1600173
1555223220001, 7.153352504566719, 32.71143062, -117.1600173
1555223190001, 5.44936265591536, 32.71143062, -117.1600173
1555223129001, 4.9565332400227655, 32.71143062, -117.1600173
1555223038001, 3.7116149140769177, 32.71143062, -117.1600173
1555223008001, 6.470309844369006, 32.71143062, -117.1600173
1555222918001, 6.598286860998075, 32.71143062, -117.1600173
1555222888001, 3.846643545284077, 32.71143062, -117.1600173
1555222827001, 4.7669153964129025, 32.71143062, -117.1600173
1555222797001, 3.5033360391750024, 32.71143062, -117.1600173
1555222737001, 3.413947340781642, 32.71143062, -117.1600173
1555222706001, 5.183541784717409, 32.71143062, -117.1600173
1555222676002, 3.6261309561710386, 32.71143062, -117.1600173
1555222676001, 4.160995574564778, 32.71143062, -117.1600173
1555222646001, 2.2255017536375625, 32.71143062, -117.1600173
1555222616001, 4.475291622346263, 32.71143062, -117.1600173
